<?xml version="1.0" encoding="UTF-8"?>

<beans xmlns="http://www.springframework.org/schema/beans"
	xmlns:xsi="http://www.w3.org/2001/XMLSchema-instance"
	xmlns:context="http://www.springframework.org/schema/context"
	xmlns:jee="http://www.springframework.org/schema/jee"
	xmlns:tx="http://www.springframework.org/schema/tx"
	xsi:schemaLocation="http://www.springframework.org/schema/jee http://www.springframework.org/schema/jee/spring-jee-3.2.xsd
		http://www.springframework.org/schema/beans http://www.springframework.org/schema/beans/spring-beans.xsd
		http://www.springframework.org/schema/tx http://www.springframework.org/schema/tx/spring-tx-3.2.xsd
		http://www.springframework.org/schema/context http://www.springframework.org/schema/context/spring-context.xsd">
    
    <!-- Uncomment and add your base-package here:
         <context:component-scan
            base-package="org.springframework.samples.service"/>  -->
	
	 <context:component-scan base-package="com.bmj.dao, com.bmj.service"></context:component-scan>
	 <context:property-placeholder location="classpath:/db.properties"/>
	 
	 <bean class="org.springframework.jdbc.core.JdbcTemplate">
		<constructor-arg name="dataSource" ref="dataSource"></constructor-arg>
	</bean>
	
	<bean
		class="org.springframework.jdbc.core.namedparam.NamedParameterJdbcTemplate">
		<constructor-arg name="dataSource" ref="dataSource"></constructor-arg>
	</bean>
	
	<bean id = "sqlSessionFactoryBean" class="org.mybatis.spring.SqlSessionFactoryBean">
		<property name="dataSource" ref="dataSource"></property>
		<property name="configLocation" value="classpath:/mybatis-config.xml"></property>
	</bean>
	
	<bean id = "sqlSessionTemplate" class="org.mybatis.spring.SqlSessionTemplate">
		<constructor-arg name = "sqlSessionFactory" ref="sqlSessionFactoryBean" ></constructor-arg>
	</bean>
	
	<jee:jndi-lookup id="dataSource" jndi-name="${jndi.name}"/>
	
	<!-- transactional 설정 -->
	<bean id = "transactionManager" class = "org.springframework.jdbc.datasource.DataSourceTransactionManager">
		<property name = "dataSource" ref="dataSource"></property>
	</bean>
	
	<tx:annotation-driven transaction-manager="transactionManager"/>
</beans>
