<?xml version="1.0" encoding="UTF-8" ?>
<!DOCTYPE mapper
  PUBLIC "-//mybatis.org//DTD Mapper 3.0//EN"
  "http://mybatis.org/dtd/mybatis-3-mapper.dtd">
<mapper namespace="mybatis.mapper.Message">

	<insert id="insertMessage" parameterType = "Message">
		insert into message(company_code, user_id, receiver_id, message_content, flag) 
		values (#{companyCode}, #{userId}, #{receiverId}, #{messageContent}, #{flag})
	</insert>
	
	<select id = "selectMessageByUserId" parameterType="String" resultType="Message">
		select * from message where user_id = #{userId} or receiver_id = #{userId}
	</select>
	
	<select id = "selectMessageByComCode" parameterType="Integer" resultType="Message">
		select * from message where company_code = #{companyCode}
	</select>
	
	<update id = "updateMesageFlagByMsgNum" parameterType="Integer">
		update message set 
		flag = 1
		where message_number= #{messageNumber}
	</update>
	
	<delete id="deleteMessageByUserId" parameterType="String">
		delete from message where user_id = #{userId}
	</delete>
	
	
	<!-- <mapper namespace="com.andy.mybatis.hr.mapper.RegionMapper"> -->
	<!-- <insert id = "insertDept" parameterType = "Department">
		insert into departments(department_id, department_name,manager_id,location_id) 
		values (#{departmentId}, #{departmentName}, #{managerId}, #{locationId})
	</insert>
	
	<update id = "updateDept" parameterType = "Department">
		update departments set department_name=#{departmentName}, manager_id=#{managerId}, location_id=#{locationId} where department_id=#{departmentId}
	</update>
	
	<delete id = "deleteDept" parameterType = "Integer">
		delete from departments where department_id =#{departmentId}
	</delete>
	
	<select id = "selectDeptCnt" resultType="Integer">
		select count(*) from departments
	</select>
	
	<select id = "selectDeptById" parameterType="Integer" resultType="Map">
		select * from departments where department_id = #{departmentId}
	</select>

	<select id = "selectODeptById" parameterType="Integer" resultType="Department">
		select * from departments where department_id = #{departmentId}
	</select>
	
	<select id = "selectLocationByLId" parameterType="Integer" resultType="Integer">
		select count(*) from departments where location_id = #{locationId}
	</select>
	
	<select id = "selectAllByLid" parameterType="Integer" resultType="Department">
		select * from departments where location_id = #{locationId}
	</select>
	
	<select id = "selectAll" resultType = "Department">
		select * from departments
	</select>
	
	<select id = "selectByMId" resultType = "Department">
		select * from departments where manager_id = #{managerId}
	</select>
	
	<select id = "DepartmentByIdWithEmployees" parameterType="Integer" resultMap ="DepartmentMap">
		select * from departments join employees using (department_id) where department_id=#{departmentId}
	</select> 
	
	   <resultMap type = "Department" id = "DepartmentMap">
		<id column = "department_id" jdbcType = "INTEGER" property = "departmentId"/>
		<result column = "department_name" jdbcType = "VARCHAR" property = "departmentName"/>
		<result column = "manager_id" jdbcType = "INTEGER" property = "managerId"/>
		<result column = "location_id" jdbcType = "INTEGER" property = "locationId"/>
		<collection property = "employees" ofType = "Employee">
			<id column = "employee_id" property = "employeeId" />
			region의 아이디 셋팅하기....보고싶다면..
			<result column = "region_id" property = "regionId" />
			<result column = "first_name" property = "firstName" />
			<result column = "last_name" property = "lastName" />
		</collection>
	</resultMap>
	 -->
	

	
	
</mapper>