<?xml version="1.0" encoding="UTF-8"?>
<Context>
    <!-- Default set of monitored resources -->
    <WatchedResource>WEB-INF/web.xml</WatchedResource>
    <!-- Uncomment this to disable session persistence across Tomcat restarts -->
    <!--
            <Manager pathname="" />
            -->
    <!-- Uncomment this to enable Comet connection tacking (provides events
                 on session expiration as well as webapp lifecycle) -->
    <!--
            <Valve className="org.apache.catalina.valves.CometConnectionManagerValve" />
            -->

    <Resource name="jdbc/myOracle" auth="Container" type="javax.sql.DataSource"
            maxActive="100" maxIdle="30" maxWait="10000"
            username="bmj" password="oracle" driverClassName="oracle.jdbc.driver.OracleDriver"
            url="jdbc:oracle:thin:@localhost:1521:XE"/>
    <WatchedResource>${catalina.base}/conf/web.xml</WatchedResource>
	
		
    <!-- <Resources>
		<PreResources base="c:\db\uploaded\" className= "org.apache.catalina.webresources.DirResourceSet" webAppMount = "/WEB-INF/upload"/>
	</Resources>    
     -->
</Context>
